fever,cough,fatigue,shortness_of_breath,headache,sore_throat,nausea,dizziness,body_aches,runny_nose,chest_pain,diarrhea,loss_of_taste,loss_of_smell,diagnosis
1,1,1,0,1,1,0,0,1,0,0,0,0,0,Flu
1,1,1,0,1,0,0,0,1,0,0,0,0,0,Flu
1,1,1,0,0,1,0,0,1,0,0,0,0,0,Flu
1,1,1,0,1,1,0,0,0,0,0,0,0,0,Flu
1,0,1,0,1,0,0,0,1,0,0,0,0,0,Flu
1,1,0,0,1,1,0,0,0,0,0,0,0,0,Flu
1,1,1,0,0,0,0,0,1,0,0,0,0,0,Flu
1,0,1,1,0,0,0,0,0,0,1,0,0,0,Pneumonia
1,0,1,1,1,0,0,0,0,0,1,0,0,0,Pneumonia
1,0,1,1,0,0,0,0,0,0,1,0,0,0,Pneumonia
1,0,0,1,0,0,0,0,0,0,1,0,0,0,Pneumonia
1,1,1,1,0,0,0,0,0,0,1,0,0,0,Pneumonia
0,1,0,0,1,1,0,0,0,1,0,0,0,0,Common Cold
0,1,0,0,0,1,0,0,0,1,0,0,0,0,Common Cold
0,1,0,0,1,1,0,0,0,0,0,0,0,0,Common Cold
0,1,1,0,1,1,0,0,0,1,0,0,0,0,Common Cold
0,1,0,0,1,0,0,0,0,1,0,0,0,0,Common Cold
0,0,0,0,0,1,0,0,0,1,0,0,0,0,Common Cold
1,1,1,1,0,0,0,0,0,0,0,0,1,1,COVID-19
1,1,0,1,0,0,0,0,0,0,0,0,1,1,COVID-19
1,1,1,1,0,0,0,0,0,0,0,0,1,0,COVID-19
1,1,0,1,1,0,0,0,0,0,0,0,0,1,COVID-19
1,1,1,1,1,0,0,0,0,0,0,0,1,1,COVID-19
1,0,1,1,0,0,0,0,0,0,0,0,1,1,COVID-19
0,0,1,0,1,0,1,1,0,0,0,0,0,0,Migraine
1,0,0,0,1,0,1,1,0,0,0,0,0,0,Migraine
0,0,1,0,1,1,0,1,0,0,0,0,0,0,Migraine
0,0,0,0,1,0,1,1,0,0,0,0,0,0,Migraine
0,0,1,0,1,0,0,1,0,0,0,0,0,0,Migraine
0,0,0,0,1,1,1,0,0,0,0,0,0,0,Migraine
1,0,0,0,1,1,0,0,1,0,0,0,0,0,Tonsillitis
1,0,0,0,0,1,0,0,1,0,0,0,0,0,Tonsillitis
0,0,0,0,0,1,0,0,0,0,0,0,0,0,Tonsillitis
1,0,1,0,0,1,0,0,1,0,0,0,0,0,Tonsillitis
1,0,0,0,1,1,0,0,1,0,0,0,0,0,Tonsillitis
0,1,1,0,0,1,0,0,0,0,1,0,0,0,Bronchitis
0,1,1,0,0,0,0,0,0,0,1,0,0,0,Bronchitis
0,1,1,1,0,0,0,0,0,0,1,0,0,0,Bronchitis
0,1,1,0,1,0,0,0,0,0,1,0,0,0,Bronchitis
0,1,0,0,0,1,0,0,0,0,1,0,0,0,Bronchitis
1,1,0,1,1,0,0,1,0,0,1,0,0,0,Asthma
0,1,0,1,1,0,0,1,0,0,1,0,0,0,Asthma
0,1,0,1,0,0,0,1,0,0,1,0,0,0,Asthma
1,1,0,1,0,0,0,0,0,0,1,0,0,0,Asthma
0,0,0,1,0,0,0,1,0,0,1,0,0,0,Asthma
0,1,1,0,1,0,0,1,0,1,0,0,0,0,Sinusitis
0,1,0,0,1,0,0,1,0,1,0,0,0,0,Sinusitis
0,1,1,0,1,0,0,0,0,1,0,0,0,0,Sinusitis
0,0,1,0,1,0,0,1,0,1,0,0,0,0,Sinusitis
1,0,0,0,1,0,0,1,0,1,0,0,0,0,Sinusitis
1,0,0,0,0,1,0,0,1,0,0,0,0,0,Strep Throat
1,1,0,0,0,1,0,0,1,0,0,0,0,0,Strep Throat
1,0,0,0,0,1,0,0,1,0,0,0,0,0,Strep Throat
1,0,1,0,0,1,0,0,1,0,0,0,0,0,Strep Throat
0,0,1,1,0,0,0,1,0,0,0,0,0,0,Anemia
0,0,1,1,1,0,0,1,0,0,0,0,0,0,Anemia
0,0,1,0,0,0,0,1,0,0,0,0,0,0,Anemia
0,0,1,0,1,0,0,1,0,0,0,0,0,0,Anemia
1,1,1,1,1,1,1,1,1,1,1,0,0,0,Severe Infection
1,0,1,1,1,1,1,1,1,0,1,0,0,0,Severe Infection
1,1,1,1,1,0,1,1,1,0,1,0,0,0,Severe Infection
1,1,0,1,1,1,1,1,1,0,1,0,0,0,Severe Infection
1,1,1,1,0,1,1,1,1,0,1,0,0,0,Severe Infection
0,1,0,0,0,0,0,1,0,1,0,0,0,0,Allergies
0,1,0,1,1,1,0,1,0,1,0,0,0,0,Allergies
0,1,0,0,0,0,0,0,0,1,0,0,0,0,Allergies
0,0,0,1,0,0,0,1,0,1,0,0,0,0,Allergies
0,0,1,0,0,0,0,1,0,0,0,0,0,0,Chronic Fatigue
0,0,1,0,1,0,0,1,1,0,0,0,0,0,Chronic Fatigue
0,0,1,1,0,0,0,1,1,0,0,0,0,0,Chronic Fatigue
0,0,1,0,0,0,0,1,0,0,0,0,0,0,Chronic Fatigue
1,0,0,1,0,0,0,1,0,0,1,0,0,0,Heart Condition
1,0,0,1,1,0,0,1,0,0,1,0,0,0,Heart Condition
0,0,0,1,0,0,0,1,0,0,1,0,0,0,Heart Condition
0,0,1,1,0,0,0,1,0,0,1,0,0,0,Heart Condition
0,0,0,1,1,0,0,1,0,0,1,0,0,0,Anxiety Disorder
0,0,0,1,0,0,1,1,0,0,1,0,0,0,Anxiety Disorder
0,0,0,0,1,0,1,1,0,0,0,0,0,0,Anxiety Disorder
0,0,1,1,1,0,1,1,0,0,1,0,0,0,Anxiety Disorder
0,1,1,1,0,1,0,0,0,1,0,0,0,0,Upper Respiratory Infection
0,1,1,1,1,0,0,0,0,1,0,0,0,0,Upper Respiratory Infection
1,1,1,0,0,0,0,0,0,1,0,0,0,0,Upper Respiratory Infection
0,1,1,0,1,1,0,0,0,1,0,0,0,0,Upper Respiratory Infection
0,0,0,1,0,0,1,1,0,0,1,0,0,0,Panic Attack
0,0,0,1,1,0,1,1,0,0,1,0,0,0,Panic Attack
0,0,0,1,1,1,1,1,0,0,1,0,0,0,Panic Attack
0,0,1,1,0,0,1,1,0,0,1,0,0,0,Panic Attack
1,0,0,0,0,0,0,0,1,0,0,0,0,0,Fever
1,0,1,0,0,0,0,0,1,0,0,0,0,0,Fever
1,0,0,0,1,0,0,0,1,0,0,0,0,0,Fever
1,0,0,0,0,0,0,0,1,0,0,0,0,0,Fever
1,0,1,0,0,0,1,1,1,0,0,1,0,0,Gastroenteritis
1,1,0,0,0,0,1,1,1,0,0,1,0,0,Gastroenteritis
1,0,1,0,1,0,1,1,1,0,0,1,0,0,Gastroenteritis
1,0,0,0,0,0,1,1,1,0,0,1,0,0,Gastroenteritis
0,0,0,0,0,0,0,1,0,0,0,0,0,0,Dehydration
0,0,1,0,0,0,0,1,0,0,0,0,0,0,Dehydration
0,0,0,1,0,0,0,1,0,0,0,0,0,0,Dehydration
0,0,1,0,0,0,0,1,0,0,0,0,0,0,Dehydration
0,0,0,0,1,0,0,0,0,0,0,0,0,0,Tension Headache
0,0,1,0,1,0,0,0,0,0,0,0,0,0,Tension Headache
0,0,0,0,1,0,0,0,0,0,0,0,0,0,Tension Headache
0,0,0,0,1,1,0,0,0,0,0,0,0,0,Tension Headache
1,0,1,0,0,0,1,0,1,0,0,1,0,0,Stomach Flu
1,0,1,0,1,0,1,1,1,0,0,1,0,0,Stomach Flu
1,0,1,0,0,0,1,1,1,0,0,1,0,0,Stomach Flu
1,1,1,0,1,0,1,0,1,0,0,1,0,0,Stomach Flu
1,0,1,0,0,0,1,1,1,0,0,1,0,0,Stomach Flu
0,0,1,0,1,0,0,1,0,0,1,0,0,0,Hypertension
0,0,1,0,1,0,0,1,0,0,1,0,0,0,Hypertension
0,0,1,0,1,0,0,1,1,0,1,0,0,0,Hypertension
0,0,1,1,1,0,0,1,0,0,1,0,0,0,Hypertension
0,0,1,0,1,0,0,1,1,0,1,0,0,0,Hypertension
0,0,1,0,1,0,1,1,0,0,0,0,0,0,Diabetes
0,0,1,0,1,0,1,1,0,0,0,0,0,0,Diabetes
0,0,1,0,1,0,1,1,1,0,0,0,0,0,Diabetes
0,0,1,1,1,0,1,1,0,0,0,0,0,0,Diabetes
0,0,1,0,1,0,1,1,0,0,0,0,0,0,Diabetes
1,1,1,0,0,0,0,0,0,0,0,0,1,1,COVID Variant
1,1,1,1,0,0,0,0,0,0,0,0,1,1,COVID Variant
1,1,1,0,1,0,0,0,0,0,0,0,1,1,COVID Variant
1,1,1,1,1,0,0,0,0,0,0,0,1,1,COVID Variant
1,1,1,0,0,0,0,0,0,0,0,0,1,0,COVID Variant
0,1,1,0,1,1,0,0,0,1,0,0,0,0,Seasonal Allergies
0,1,1,0,1,1,0,0,0,1,0,0,0,0,Seasonal Allergies
0,1,1,0,0,1,0,1,0,1,0,0,0,0,Seasonal Allergies
0,1,1,0,1,0,0,1,0,1,0,0,0,0,Seasonal Allergies
0,1,0,0,1,1,0,0,0,1,0,0,0,0,Seasonal Allergies
0,0,1,0,1,0,1,0,0,0,0,1,0,0,Food Poisoning
1,0,1,0,1,0,1,1,0,0,0,1,0,0,Food Poisoning
1,0,1,0,0,0,1,1,1,0,0,1,0,0,Food Poisoning
1,0,1,0,1,0,1,1,1,0,0,1,0,0,Food Poisoning
1,0,1,0,1,0,1,0,1,0,0,1,0,0,Food Poisoning
0,0,1,0,1,0,1,0,0,0,1,0,0,0,Gastritis
0,0,1,0,1,0,1,1,0,0,1,0,0,0,Gastritis
0,0,1,0,1,0,1,0,1,0,1,0,0,0,Gastritis
0,0,1,0,1,0,1,1,1,0,1,0,0,0,Gastritis
0,0,1,0,1,0,1,0,0,0,1,0,0,0,Gastritis
0,0,1,0,1,0,1,1,1,0,0,0,0,0,Heat Exhaustion
0,0,1,0,1,0,1,1,1,0,0,0,0,0,Heat Exhaustion
1,0,1,0,1,0,1,1,1,0,0,0,0,0,Heat Exhaustion
0,0,1,0,1,0,1,1,1,0,0,0,0,0,Heat Exhaustion
0,0,1,1,1,0,1,1,1,0,0,0,0,0,Heat Exhaustion
1,1,1,0,0,0,0,0,1,0,1,0,0,0,Tuberculosis
1,1,1,0,1,0,0,0,1,0,1,0,0,0,Tuberculosis
1,1,1,1,0,0,0,0,1,0,1,0,0,0,Tuberculosis
1,1,1,0,0,0,0,1,1,0,1,0,0,0,Tuberculosis
1,1,1,1,1,0,0,0,1,0,1,0,0,0,Tuberculosis
0,0,1,0,1,1,0,0,0,1,0,0,0,0,Severe Sinus Infection
0,1,1,0,1,1,0,1,0,1,0,0,0,0,Severe Sinus Infection
0,0,1,0,1,1,0,1,1,1,0,0,0,0,Severe Sinus Infection
0,1,1,0,1,0,0,1,0,1,0,0,0,0,Severe Sinus Infection
0,0,1,0,1,1,0,0,1,1,0,0,0,0,Severe Sinus Infection
