fever,cough,fatigue,shortness_of_breath,headache,sore_throat,diagnosis
1,1,1,0,1,1,Flu
1,1,1,0,1,1,Flu
1,1,1,0,1,1,Flu
1,1,1,0,1,1,Flu
1,1,1,0,1,1,Flu
1,0,1,1,0,0,Pneumonia
1,0,1,1,0,0,Pneumonia
1,0,1,1,0,0,Pneumonia
1,0,1,1,0,0,Pneumonia
1,0,1,1,0,0,Pneumonia
0,1,0,0,1,1,Common Cold
0,1,0,0,1,1,Common Cold
0,1,0,0,1,1,Common Cold
0,1,0,0,1,1,Common Cold
0,1,0,0,1,1,Common Cold
1,1,1,1,0,0,COVID-19
1,1,1,1,0,0,COVID-19
1,1,1,1,0,0,COVID-19
1,1,1,1,0,0,COVID-19
1,1,1,1,0,0,COVID-19
0,0,1,0,1,0,Migraine
0,0,1,0,1,0,Migraine
0,0,1,0,1,0,Migraine
0,0,1,0,1,0,Migraine
0,0,1,0,1,0,Migraine
1,0,0,0,1,1,Tonsillitis
1,0,0,0,1,1,Tonsillitis
1,0,0,0,1,1,Tonsillitis
1,0,0,0,1,1,Tonsillitis
1,0,0,0,1,1,Tonsillitis
0,1,1,0,0,1,Bronchitis
0,1,1,0,0,1,Bronchitis
0,1,1,0,0,1,Bronchitis
0,1,1,0,0,1,Bronchitis
0,1,1,0,0,1,Bronchitis
1,1,0,1,1,0,Asthma
1,1,0,1,1,0,Asthma
1,1,0,1,1,0,Asthma
1,1,0,1,1,0,Asthma
1,1,0,1,1,0,Asthma
0,0,0,0,1,0,Headache
0,0,0,0,1,0,Headache
0,0,0,0,1,0,Headache
0,0,0,0,1,0,Headache
0,0,0,0,1,0,Headache
1,0,0,0,0,0,Fever
1,0,0,0,0,0,Fever
1,0,0,0,0,0,Fever
1,0,0,0,0,0,Fever
1,0,0,0,0,0,Fever
0,1,0,0,0,0,Cough
0,1,0,0,0,0,Cough
0,1,0,0,0,0,Cough
0,1,0,0,0,0,Cough
0,1,0,0,0,0,Cough
0,0,1,0,0,0,Fatigue
0,0,1,0,0,0,Fatigue
0,0,1,0,0,0,Fatigue
0,0,1,0,0,0,Fatigue
0,0,1,0,0,0,Fatigue
0,0,0,1,0,0,Shortness of Breath
0,0,0,1,0,0,Shortness of Breath
0,0,0,1,0,0,Shortness of Breath
0,0,0,1,0,0,Shortness of Breath
0,0,0,1,0,0,Shortness of Breath
0,0,0,0,0,1,Sore Throat
0,0,0,0,0,1,Sore Throat
0,0,0,0,0,1,Sore Throat
0,0,0,0,0,1,Sore Throat
0,0,0,0,0,1,Sore Throat
1,1,0,0,1,1,Upper Respiratory Infection
1,1,0,0,1,1,Upper Respiratory Infection
1,1,0,0,1,1,Upper Respiratory Infection
1,1,0,0,1,1,Upper Respiratory Infection
1,1,0,0,1,1,Upper Respiratory Infection
1,0,1,0,1,0,Viral Syndrome
1,0,1,0,1,0,Viral Syndrome
1,0,1,0,1,0,Viral Syndrome
1,0,1,0,1,0,Viral Syndrome
1,0,1,0,1,0,Viral Syndrome
0,1,1,0,1,0,Sinusitis
0,1,1,0,1,0,Sinusitis
0,1,1,0,1,0,Sinusitis
0,1,1,0,1,0,Sinusitis
0,1,1,0,1,0,Sinusitis
1,0,1,1,1,0,Pneumonia
0,1,0,0,0,1,Common Cold
1,1,1,0,0,0,Flu
0,0,1,0,1,0,Migraine
1,0,0,0,1,1,Tonsillitis
0,1,1,0,0,1,Bronchitis
1,1,0,1,1,0,Asthma
0,0,0,0,1,0,Headache
1,0,0,0,0,0,Fever
0,1,0,0,0,0,Cough
0,0,1,0,0,0,Fatigue
0,0,0,1,0,0,Shortness of Breath
0,0,0,0,0,1,Sore Throat
1,1,0,0,1,1,Upper Respiratory Infection
1,0,1,0,1,0,Viral Syndrome
0,1,1,0,1,0,Sinusitis
1,1,0,0,0,0,Common Cold
1,1,0,0,0,0,Common Cold
1,1,0,0,0,0,Common Cold
1,0,0,0,1,0,Viral Syndrome
1,0,0,0,1,0,Viral Syndrome
0,1,0,0,1,0,Sinusitis
0,1,0,0,1,0,Sinusitis
1,0,0,0,0,1,Tonsillitis
1,1,0,0,0,0,Common Cold
1,1,0,0,0,0,Common Cold
1,1,0,0,0,0,Flu
1,0,0,0,0,1,Tonsillitis
